Country,Region_x,Happiness Rank,Happiness Score,Lower Confidence Interval,Upper Confidence Interval,Economy (GDP per Capita),Family,Health (Life Expectancy),Freedom,Trust (Government Corruption),Generosity,Dystopia Residual,Country Code,Region_y,Population (millions),HDI,GDP per Capita,Cropland Footprint,Grazing Footprint,Forest Footprint,Carbon Footprint,Fish Footprint,Total Ecological Footprint,Cropland,Grazing Land,Forest Land,Fishing Water,Urban Land,Total Biocapacity,Biocapacity Deficit or Reserve,Earths Required,Countries Required,Data Quality
Afghanistan,Southern Asia,154.0,3.36,3.288,3.432,0.38227,0.11037,0.17344,0.1643,0.07112,0.31268,2.14558,AFG,Middle East/Central Asia,29.82,0.46,$614.66 ,0.3,0.2,0.08,0.18,0.0,0.79,0.24,0.2,0.02,0.0,0.04,0.5,-0.3,0.46,1.6,6
Albania,Central and Eastern Europe,109.0,4.655,4.546,4.764,0.9553,0.50163,0.73007,0.31866,0.05301,0.1684,1.92816,ALB,Northern/Eastern Europe,3.16,0.73,"$4,534.37 ",0.78,0.22,0.25,0.87,0.02,2.21,0.55,0.21,0.29,0.07,0.06,1.18,-1.03,1.27,1.87,6
Algeria,Middle East and Northern Africa,38.0,6.355,6.227,6.483,1.05266,0.83309,0.61804,0.21006,0.16157,0.07044,3.40904,DZA,Africa,38.48,0.73,"$5,430.57 ",0.6,0.16,0.17,1.14,0.01,2.12,0.24,0.27,0.03,0.01,0.03,0.59,-1.53,1.22,3.61,5
Angola,Sub-Saharan Africa,141.0,3.866,3.753,3.979,0.84731,0.66366,0.04991,0.00589,0.08434,0.12071,2.09459,AGO,Africa,20.82,0.52,"$4,665.91 ",0.33,0.15,0.12,0.2,0.09,0.93,0.2,1.42,0.64,0.26,0.04,2.55,1.61,0.54,0.37,6
Argentina,Latin America and Caribbean,26.0,6.65,6.56,6.74,1.15137,1.06612,0.69711,0.42284,0.07296,0.10989,3.12985,ARG,Latin America,41.09,0.83,"$13,540.00 ",0.78,0.79,0.29,1.08,0.1,3.14,2.64,1.86,0.66,1.67,0.1,6.92,3.78,1.82,0.45,6
Armenia,Central and Eastern Europe,121.0,4.36,4.266,4.454,0.86086,0.62477,0.64083,0.14037,0.03616,0.07793,1.97864,ARM,Middle East/Central Asia,2.97,0.73,"$3,426.39 ",0.74,0.18,0.34,0.89,0.01,2.23,0.44,0.26,0.1,0.02,0.07,0.89,-1.35,1.29,2.52,3B
Australia,Australia and New Zealand,9.0,7.313,7.241,7.385,1.44443,1.10476,0.8512,0.56837,0.32331,0.47407,2.5465,AUS,Asia-Pacific,23.05,0.93,"$66,604.20 ",2.68,0.63,0.89,4.85,0.11,9.31,5.42,5.81,2.01,3.19,0.14,16.57,7.26,5.37,0.56,5
Austria,Western Europe,12.0,7.119,7.045,7.193,1.45038,1.08383,0.80565,0.54355,0.21348,0.32865,2.69343,AUT,European Union,8.46,0.88,"$51,274.10 ",0.82,0.27,0.63,4.14,0.06,6.06,0.71,0.16,2.04,0.0,0.15,3.07,-3.0,3.5,1.98,5
Azerbaijan,Central and Eastern Europe,81.0,5.291,5.226,5.356,1.12373,0.76042,0.54504,0.35327,0.17914,0.0564,2.2735,AZE,Middle East/Central Asia,9.31,0.75,"$7,106.04 ",0.66,0.22,0.11,1.25,0.01,2.31,0.46,0.2,0.11,0.02,0.06,0.85,-1.46,1.33,2.72,6
Bahrain,Middle East and Northern Africa,42.0,6.218,6.128,6.308,1.44024,0.94397,0.65696,0.47375,0.25772,0.17147,2.27405,BHR,Middle East/Central Asia,1.32,0.82,"$24,299.00 ",0.52,0.45,0.16,6.19,0.07,7.49,0.01,0.0,0.0,0.46,0.1,0.58,-6.91,4.33,12.96,3L
Bangladesh,Southern Asia,110.0,4.643,4.56,4.726,0.54177,0.24749,0.52989,0.39778,0.12583,0.19132,2.60904,BGD,Asia-Pacific,154.7,0.56,$857.50 ,0.29,0.0,0.08,0.26,0.02,0.72,0.25,0.0,0.0,0.05,0.07,0.38,-0.35,0.42,1.92,6
Belarus,Central and Eastern Europe,61.0,5.802,5.723,5.881,1.13062,1.04993,0.63104,0.29091,0.17457,0.13942,2.38582,BLR,Northern/Eastern Europe,9.4,0.8,"$6,300.45 ",1.32,0.12,0.91,2.57,0.08,5.09,1.52,0.3,1.71,0.02,0.09,3.64,-1.45,2.94,1.4,6
Belgium,Western Europe,18.0,6.929,6.861,6.997,1.42539,1.05249,0.81959,0.51354,0.26248,0.2424,2.61355,BEL,European Union,11.06,0.89,"$48,053.30 ",1.15,0.48,0.99,4.43,0.12,7.44,0.56,0.03,0.28,0.04,0.27,1.19,-6.25,4.3,6.27,6
Belize,Latin America and Caribbean,52.0,5.956,5.71,6.202,0.87616,0.68655,0.45569,0.51231,0.10771,0.23684,3.08039,,,,,,,,,,,,,,,,,,,,,
Benin,Sub-Saharan Africa,153.0,3.484,3.404,3.564,0.39499,0.10419,0.21028,0.39747,0.06681,0.2018,2.10812,BEN,Africa,10.05,0.48,$746.83 ,0.49,0.04,0.26,0.51,0.08,1.41,0.44,0.04,0.34,0.02,0.04,0.88,-0.53,0.81,1.61,6
Bhutan,Southern Asia,84.0,5.196,5.138,5.254,0.8527,0.90836,0.49759,0.46074,0.1616,0.48546,1.82916,BTN,Asia-Pacific,0.74,0.59,"$2,395.00 ",0.5,0.42,3.03,0.63,0.02,4.84,0.28,0.34,4.38,0.01,0.25,5.27,0.43,2.8,0.92,3B
Bolivia,Latin America and Caribbean,59.0,5.822,5.74,5.904,0.79422,0.83779,0.4697,0.50961,0.07746,0.21698,2.91635,BOL,Latin America,10.5,0.65,"$2,253.09 ",0.37,1.69,0.17,0.67,0.01,2.96,0.59,2.18,13.86,0.05,0.06,16.73,13.77,1.71,0.18,5
Bosnia and Herzegovina,Central and Eastern Europe,87.0,5.163,5.063,5.263,0.93383,0.64367,0.70766,0.09511,0.0,0.29889,2.48406,BIH,Northern/Eastern Europe,3.83,0.73,"$4,708.85 ",0.63,0.27,0.44,1.74,0.02,3.12,0.3,0.19,1.13,0.0,0.02,1.63,-1.49,1.8,1.91,5
Botswana,Sub-Saharan Africa,137.0,3.974,3.875,4.073,1.09426,0.89186,0.34752,0.44089,0.10769,0.12425,0.96741,BWA,Africa,2.0,0.69,"$7,743.50 ",0.3,0.89,0.24,2.36,0.01,3.83,0.06,2.49,0.63,0.27,0.02,3.47,-0.35,2.21,1.1,3B
Brazil,Latin America and Caribbean,17.0,6.952,6.875,7.029,1.08754,1.03938,0.61415,0.40425,0.14166,0.15776,3.50733,BRA,Latin America,198.66,0.75,"$13,237.60 ",0.62,0.85,0.6,0.91,0.04,3.11,1.0,1.0,6.82,0.17,0.09,9.08,5.97,1.8,0.34,5
Bulgaria,Central and Eastern Europe,129.0,4.217,4.104,4.33,1.11306,0.92542,0.67806,0.21219,0.00615,0.12793,1.15377,BGR,European Union,7.28,0.78,"$7,615.28 ",0.6,0.13,0.35,2.08,0.03,3.32,1.33,0.08,1.2,0.12,0.13,2.86,-0.46,1.92,1.16,5
Burkina Faso,Sub-Saharan Africa,145.0,3.739,3.647,3.831,0.31995,0.63054,0.21297,0.3337,0.12533,0.24353,1.87319,BFA,Africa,16.46,0.39,$671.07 ,0.47,0.17,0.36,0.12,0.03,1.21,0.5,0.17,0.25,0.0,0.05,0.98,-0.22,0.7,1.23,5
Burundi,Sub-Saharan Africa,157.0,2.905,2.732,3.078,0.06831,0.23442,0.15747,0.0432,0.09419,0.2029,2.10404,BDI,Africa,9.85,0.39,$276.69 ,0.21,0.07,0.45,0.04,0.0,0.8,0.2,0.07,0.01,0.01,0.03,0.32,-0.48,0.46,2.48,4
Cambodia,Southeastern Asia,140.0,3.907,3.798,4.016,0.55604,0.5375,0.42494,0.58852,0.08092,0.40339,1.31573,KHM,Asia-Pacific,14.86,0.55,$877.64 ,,,,,,1.21,,,,,,1.09,-0.11,0.7,1.11,3T
Cameroon,Sub-Saharan Africa,114.0,4.513,4.417,4.609,0.52497,0.62542,0.12698,0.42736,0.06126,0.2268,2.5198,CMR,Africa,21.7,0.5,"$1,271.21 ",0.54,0.1,0.21,0.19,0.08,1.17,0.55,0.1,0.92,0.08,0.05,1.69,0.52,0.68,0.69,6
Canada,North America,6.0,7.404,7.335,7.473,1.44015,1.0961,0.8276,0.5737,0.31329,0.44834,2.70485,CAN,North America,34.84,0.91,"$52,145.40 ",1.46,0.33,1.2,5.0,0.12,8.17,3.11,0.29,9.12,3.41,0.07,16.01,7.83,4.72,0.51,5
Chad,Sub-Saharan Africa,144.0,3.763,3.672,3.854,0.42214,0.63178,0.03824,0.12807,0.04952,0.18667,2.30637,TCD,Africa,12.45,0.39,"$1,161.22 ",0.36,0.75,0.27,0.01,0.01,1.46,0.35,1.15,0.41,0.07,0.05,2.03,0.57,0.84,0.72,6
Chile,Latin America and Caribbean,24.0,6.705,6.615,6.795,1.2167,0.90587,0.81883,0.37789,0.11451,0.31595,2.95505,CHL,Latin America,17.46,0.83,"$14,525.80 ",0.61,0.33,0.99,2.04,0.25,4.36,0.47,0.45,2.19,0.38,0.15,3.63,-0.73,2.52,1.2,6
China,Eastern Asia,83.0,5.245,5.199,5.291,1.0278,0.79381,0.73561,0.44012,0.02745,0.04959,2.17087,CHN,Asia-Pacific,1408.04,0.72,"$5,560.94 ",0.55,0.13,0.19,2.32,0.08,3.38,0.46,0.1,0.22,0.04,0.12,0.94,-2.44,1.95,3.59,6
Colombia,Latin America and Caribbean,31.0,6.481,6.384,6.578,1.03032,1.02169,0.59659,0.44735,0.05399,0.15626,3.17471,COL,Latin America,47.7,0.72,"$7,305.22 ",0.35,0.58,0.16,0.67,0.03,1.87,0.22,1.13,2.09,0.07,0.09,3.6,1.72,1.08,0.52,6
Comoros,Sub-Saharan Africa,138.0,3.956,3.86,4.052,0.27509,0.60323,0.29981,0.15412,0.18437,0.1827,2.25632,COM,Africa,0.72,0.5,$860.24 ,0.33,0.03,0.18,0.25,0.25,1.03,0.23,0.01,0.02,0.07,0.0,0.32,-0.7,0.59,3.17,3B
Congo (Brazzaville),Sub-Saharan Africa,127.0,4.236,4.107,4.365,0.77109,0.47799,0.28212,0.37938,0.09753,0.12077,2.10681,,,,,,,,,,,,,,,,,,,,,
Congo (Kinshasa),Sub-Saharan Africa,125.0,4.272,4.191,4.353,0.05661,0.80676,0.188,0.15602,0.06075,0.25458,2.74924,,,,,,,,,,,,,,,,,,,,,
Costa Rica,Latin America and Caribbean,14.0,7.087,6.999,7.175,1.06879,1.02152,0.76146,0.55225,0.10547,0.22553,3.35168,CRI,Latin America,4.8,0.76,"$8,979.96 ",0.4,0.21,0.68,1.37,0.08,2.84,0.38,0.3,0.63,0.12,0.1,1.53,-1.31,1.64,1.86,5
Croatia,Central and Eastern Europe,74.0,5.488,5.402,5.574,1.18649,0.60809,0.70524,0.23907,0.04002,0.18434,2.52462,HRV,Northern/Eastern Europe,4.31,0.82,"$14,522.80 ",0.74,0.13,0.72,2.21,0.06,3.92,0.68,0.19,1.55,0.33,0.06,2.8,-1.12,2.27,1.4,6
Cyprus,Western Europe,69.0,5.546,5.442,5.65,1.31857,0.70697,0.8488,0.29507,0.05228,0.27906,2.04497,CYP,European Union,1.13,0.85,"$31,454.70 ",0.77,0.08,0.23,2.94,0.14,4.21,0.18,0.0,0.06,0.06,0.05,0.34,-3.87,2.43,12.35,5
Czech Republic,Central and Eastern Europe,27.0,6.596,6.515,6.677,1.30915,1.00793,0.76376,0.41418,0.03986,0.09929,2.96211,CZE,European Union,10.66,0.87,"$21,676.30 ",0.62,0.24,0.74,3.42,0.03,5.19,0.94,0.07,1.31,0.0,0.13,2.46,-2.73,3.0,2.11,5
Denmark,Western Europe,1.0,7.526,7.46,7.592,1.44178,1.16374,0.79504,0.57941,0.44453,0.36171,2.73939,DNK,European Union,5.6,0.92,"$61,413.60 ",1.18,0.47,0.77,2.6,0.24,5.51,2.38,0.01,0.34,1.8,0.25,4.78,-0.73,3.18,1.15,5
Dominican Republic,Latin America and Caribbean,89.0,5.155,5.037,5.273,1.02787,0.99496,0.57669,0.52259,0.12372,0.21286,1.69626,DOM,Latin America,10.28,0.71,"$6,085.89 ",0.35,0.12,0.12,0.86,0.04,1.53,0.22,0.11,0.16,0.02,0.05,0.56,-0.97,0.88,2.74,6
Ecuador,Latin America and Caribbean,51.0,5.976,5.88,6.072,0.97306,0.85974,0.68613,0.4027,0.18037,0.10074,2.77366,ECU,Latin America,15.49,0.73,"$5,192.88 ",0.3,0.3,0.24,1.08,0.18,2.17,0.32,0.3,1.41,0.11,0.06,2.2,0.03,1.25,0.99,5
Egypt,Middle East and Northern Africa,120.0,4.362,4.259,4.465,0.95395,0.49813,0.52116,0.18847,0.10393,0.12706,1.96895,EGY,Africa,80.72,0.69,"$2,930.33 ",0.68,0.08,0.17,1.02,0.04,2.15,0.38,0.0,0.0,0.02,0.15,0.56,-1.59,1.24,3.86,5
El Salvador,Latin America and Caribbean,46.0,6.068,5.967,6.169,0.8737,0.80975,0.596,0.37269,0.10613,0.08877,3.22134,SLV,Latin America,6.3,0.66,"$3,696.33 ",0.44,0.21,0.4,0.84,0.14,2.07,0.27,0.15,0.04,0.11,0.05,0.61,-1.46,1.2,3.37,5
Estonia,Central and Eastern Europe,72.0,5.517,5.437,5.597,1.27964,1.05163,0.68098,0.41511,0.18519,0.08423,1.81985,EST,European Union,1.29,0.85,"$17,304.40 ",,,,,,6.86,,,,,,10.53,3.67,3.96,0.65,3T
Ethiopia,Sub-Saharan Africa,115.0,4.508,4.425,4.591,0.29283,0.37932,0.34578,0.36703,0.1717,0.29522,2.65614,ETH,Africa,91.73,0.43,$379.38 ,0.31,0.12,0.46,0.07,0.0,1.02,0.31,0.12,0.05,0.04,0.06,0.58,-0.44,0.59,1.75,6
Finland,Western Europe,5.0,7.413,7.351,7.475,1.40598,1.13464,0.81091,0.57104,0.41004,0.25492,2.82596,FIN,European Union,5.41,0.88,"$50,960.20 ",,,,,,5.87,,,,,,13.44,7.57,3.39,0.44,3T
France,Western Europe,32.0,6.478,6.397,6.559,1.39488,1.00508,0.83795,0.46562,0.17808,0.1216,2.4744,FRA,European Union,63.98,0.89,"$45,430.30 ",1.23,0.27,0.53,2.71,0.19,5.14,1.67,0.16,0.96,0.11,0.21,3.11,-2.04,2.97,1.66,6
Gabon,Sub-Saharan Africa,134.0,4.121,4.03,4.212,1.15851,0.72368,0.3494,0.28098,0.09314,0.06244,1.45332,GAB,Africa,1.63,0.67,"$11,989.00 ",0.53,0.13,0.79,0.43,0.11,2.02,0.25,3.6,19.5,2.93,0.03,26.31,24.29,1.16,0.08,3L
Georgia,Central and Eastern Europe,126.0,4.252,4.164,4.34,0.83792,0.19249,0.64035,0.32461,0.3188,0.06786,1.87031,GEO,Middle East/Central Asia,4.36,0.75,"$3,710.70 ",0.39,0.2,0.1,0.83,0.02,1.58,0.12,0.36,0.61,0.05,0.04,1.17,-0.41,0.91,1.35,3B
Germany,Western Europe,16.0,6.994,6.93,7.058,1.44787,1.09774,0.81487,0.53466,0.28551,0.30452,2.50931,DEU,European Union,82.8,0.91,"$46,822.40 ",1.1,0.14,0.48,3.28,0.05,5.3,1.23,0.06,0.68,0.07,0.24,2.27,-3.02,3.06,2.33,5
Ghana,Sub-Saharan Africa,124.0,4.276,4.185,4.367,0.63107,0.49353,0.29681,0.40973,0.0326,0.21203,2.2002,GHA,Africa,25.37,0.57,"$1,627.90 ",0.56,0.07,0.65,0.43,0.19,1.97,0.67,0.26,0.29,0.06,0.07,1.35,-0.62,1.14,1.46,6
Greece,Western Europe,99.0,5.033,4.935,5.131,1.24886,0.75473,0.80029,0.05822,0.04127,0.0,2.12944,GRC,European Union,11.12,0.86,"$25,987.40 ",1.07,0.35,0.24,2.58,0.08,4.38,1.01,0.14,0.23,0.17,0.06,1.61,-2.77,2.53,2.73,5
Guatemala,Latin America and Caribbean,39.0,6.324,6.213,6.435,0.83454,0.87119,0.54039,0.50379,0.08701,0.28808,3.19863,GTM,Latin America,15.08,0.62,"$3,233.80 ",0.37,0.16,0.58,0.7,0.01,1.89,0.38,0.15,0.34,0.05,0.07,0.99,-0.9,1.09,1.91,5
Guinea,Sub-Saharan Africa,151.0,3.607,3.533,3.681,0.22415,0.3109,0.18829,0.30953,0.1192,0.29914,2.15604,GIN,Africa,11.45,0.41,$459.09 ,0.39,0.32,0.45,0.16,0.05,1.41,0.35,0.75,0.64,0.3,0.04,2.09,0.68,0.81,0.67,5
Haiti,Latin America and Caribbean,136.0,4.028,3.893,4.163,0.34097,0.29561,0.27494,0.12072,0.14476,0.47958,2.37116,HTI,Latin America,10.17,0.48,$749.13 ,0.27,0.04,0.1,0.15,0.01,0.61,0.18,0.03,0.01,0.01,0.03,0.27,-0.34,0.35,2.28,6
Honduras,Latin America and Caribbean,104.0,4.871,4.75,4.992,0.69429,0.75596,0.58383,0.26755,0.06906,0.2044,2.29551,HND,Latin America,7.94,0.61,"$2,269.51 ",0.28,0.25,0.5,0.6,0.0,1.68,0.33,0.26,0.89,0.23,0.06,1.77,0.09,0.97,0.95,3B
Hong Kong,Eastern Asia,75.0,5.458,5.362,5.554,1.5107,0.87021,0.95277,0.48079,0.31647,0.40097,0.92614,,,,,,,,,,,,,,,,,,,,,
Hungary,Central and Eastern Europe,91.0,5.145,5.056,5.234,1.24142,0.93164,0.67608,0.1977,0.04472,0.099,1.95473,HUN,European Union,9.98,0.82,"$13,964.20 ",0.42,0.08,0.36,1.9,0.02,2.92,1.28,0.06,0.69,0.0,0.13,2.17,-0.75,1.69,1.34,5
Iceland,Western Europe,3.0,7.501,7.333,7.669,1.42666,1.18326,0.86733,0.56624,0.14975,0.47678,2.83137,,,,,,,,,,,,,,,,,,,,,
India,Southern Asia,118.0,4.404,4.351,4.457,0.74036,0.29247,0.45091,0.40285,0.08722,0.25028,2.18032,IND,Asia-Pacific,1236.69,0.6,"$1,513.85 ",0.34,0.01,0.14,0.61,0.02,1.16,0.35,0.0,0.02,0.03,0.05,0.45,-0.71,0.67,2.55,6
Indonesia,Southeastern Asia,79.0,5.314,5.237,5.391,0.95104,0.87625,0.49374,0.39237,0.00322,0.56521,2.03171,IDN,Asia-Pacific,246.86,0.68,"$3,688.53 ",0.44,0.03,0.2,0.64,0.21,1.58,0.46,0.06,0.3,0.38,0.06,1.26,-0.32,0.91,1.25,6
Iran,Middle East and Northern Africa,105.0,4.813,4.703,4.923,1.11758,0.38857,0.64232,0.22544,0.0557,0.38538,1.99817,,,,,,,,,,,,,,,,,,,,,
Iraq,Middle East and Northern Africa,112.0,4.575,4.446,4.704,1.07474,0.59205,0.51076,0.24856,0.13636,0.19589,1.81657,IRQ,Middle East/Central Asia,32.78,0.65,"$5,848.54 ",0.43,0.03,0.01,1.36,0.01,1.88,0.18,0.02,0.05,0.0,0.04,0.29,-1.59,1.09,6.58,3B
Ireland,Western Europe,19.0,6.907,6.836,6.978,1.48341,1.16157,0.81455,0.54008,0.29754,0.44963,2.15988,IRL,European Union,4.58,0.91,"$52,853.60 ",1.08,0.49,0.46,3.22,0.18,5.57,0.84,0.76,0.5,1.49,0.13,3.73,-1.83,3.21,1.49,5
Israel,Middle East and Northern Africa,11.0,7.267,7.199,7.335,1.33766,0.99537,0.84917,0.36432,0.08728,0.32288,3.31029,ISR,Middle East/Central Asia,7.64,0.89,"$33,718.90 ",0.89,0.22,0.36,4.59,0.07,6.22,0.22,0.01,0.03,0.02,0.08,0.35,-5.87,3.59,17.59,6
Italy,Western Europe,50.0,5.977,5.898,6.056,1.35495,1.04167,0.85102,0.18827,0.02556,0.16684,2.34918,ITA,European Union,60.92,0.87,"$38,412.00 ",0.91,0.32,0.42,2.77,0.12,4.61,0.58,0.04,0.33,0.06,0.06,1.08,-3.53,2.66,4.28,6
Ivory Coast,Sub-Saharan Africa,139.0,3.916,3.826,4.006,0.55507,0.57576,0.04476,0.40663,0.1553,0.20338,1.97478,,,,,,,,,,,,,,,,,,,,,
Jamaica,Latin America and Caribbean,73.0,5.51,5.315,5.705,0.89333,0.96372,0.59469,0.43597,0.04294,0.22245,2.35682,JAM,Latin America,2.77,0.72,"$5,226.30 ",0.41,0.09,0.18,1.09,0.07,1.89,0.16,0.0,0.1,0.11,0.05,0.43,-1.46,1.09,4.39,3B
Japan,Eastern Asia,53.0,5.921,5.85,5.992,1.38007,1.06054,0.91491,0.46761,0.18985,0.10224,1.80584,JPN,Asia-Pacific,127.25,0.89,"$46,201.60 ",0.53,0.1,0.27,3.69,0.33,5.02,0.16,0.0,0.35,0.1,0.1,0.72,-4.3,2.9,7.01,6
Jordan,Middle East and Northern Africa,80.0,5.303,5.187,5.419,0.99673,0.86216,0.60712,0.36023,0.13297,0.14262,2.20142,JOR,Middle East/Central Asia,7.01,0.75,"$4,615.17 ",0.54,0.18,0.17,1.09,0.03,2.1,0.09,0.02,0.03,0.0,0.07,0.21,-1.89,1.21,9.91,5
Kazakhstan,Central and Eastern Europe,54.0,5.919,5.837,6.001,1.22943,0.95544,0.57386,0.4052,0.11132,0.15011,2.49325,KAZ,Middle East/Central Asia,16.27,0.78,"$11,278.00 ",0.58,0.19,0.12,4.59,0.03,5.55,1.14,1.93,0.24,0.06,0.03,3.41,-2.14,3.2,1.63,3L
Kenya,Sub-Saharan Africa,122.0,4.356,4.259,4.453,0.52267,0.7624,0.30147,0.40576,0.06686,0.41328,1.88326,KEN,Africa,43.18,0.54,"$1,062.11 ",0.25,0.23,0.27,0.2,0.05,1.03,0.2,0.24,0.02,0.02,0.04,0.51,-0.52,0.6,2.02,5
Kosovo,Central and Eastern Europe,77.0,5.401,5.308,5.494,0.90145,0.66062,0.54,0.14396,0.06547,0.27992,2.80998,,,,,,,,,,,,,,,,,,,,,
Kuwait,Middle East and Northern Africa,41.0,6.239,6.154,6.324,1.61714,0.87758,0.63569,0.43166,0.23669,0.15965,2.28085,KWT,Middle East/Central Asia,3.25,0.82,"$41,830.50 ",0.55,0.24,0.21,6.89,0.09,8.13,0.02,0.01,0.0,0.37,0.15,0.55,-7.58,4.7,14.68,3L
Kyrgyzstan,Central and Eastern Europe,85.0,5.185,5.103,5.267,0.56044,0.95434,0.55449,0.40212,0.04762,0.38432,2.28136,KGZ,Middle East/Central Asia,5.47,0.65,"$1,116.37 ",0.59,0.18,0.09,0.95,0.01,1.91,0.47,0.63,0.06,0.05,0.08,1.3,-0.61,1.1,1.47,3B
Laos,Southeastern Asia,102.0,4.876,4.742,5.01,0.68042,0.5497,0.38291,0.52168,0.22423,0.43079,2.08637,,,,,,,,,,,,,,,,,,,,,
Latvia,Central and Eastern Europe,68.0,5.56,5.486,5.634,1.21788,0.95025,0.63952,0.27996,0.0889,0.17445,2.20859,LVA,European Union,2.06,0.81,"$13,732.00 ",2.28,0.09,2.02,1.66,0.11,6.29,3.1,0.31,4.08,1.93,0.13,9.55,3.26,3.63,0.66,5
Lebanon,Middle East and Northern Africa,93.0,5.129,5.031,5.227,1.12268,0.64184,0.76171,0.26228,0.03061,0.23693,2.07339,LBN,Middle East/Central Asia,4.65,0.76,"$9,143.86 ",0.67,0.3,0.25,2.52,0.05,3.84,0.16,0.04,0.06,0.01,0.06,0.33,-3.51,2.22,11.7,6
Liberia,Sub-Saharan Africa,150.0,3.622,3.463,3.781,0.10706,0.50353,0.23165,0.25748,0.04852,0.24063,2.23284,LBR,Africa,4.19,0.42,$397.38 ,0.23,0.03,0.75,0.14,0.03,1.21,0.15,0.61,1.45,0.32,0.03,2.57,1.35,0.7,0.47,3B
Libya,Middle East and Northern Africa,67.0,5.615,5.406,5.824,1.06688,0.95076,0.52304,0.40672,0.10339,0.17087,2.39374,,,,,,,,,,,,,,,,,,,,,
Lithuania,Central and Eastern Europe,60.0,5.813,5.734,5.892,1.2692,1.06411,0.64674,0.18929,0.0182,0.02025,2.60525,LTU,European Union,3.03,0.83,"$14,373.70 ",1.89,0.21,1.28,2.15,0.16,5.83,3.03,0.11,2.09,0.3,0.15,5.67,-0.17,3.37,1.03,5
Luxembourg,Western Europe,20.0,6.871,6.804,6.938,1.69752,1.03999,0.84542,0.5487,0.35329,0.27571,2.11055,LUX,European Union,0.52,0.89,"$114,665.00 ",1.1,0.76,1.03,12.65,0.13,15.82,0.57,0.08,0.89,0.0,0.14,1.68,-14.14,9.14,9.44,5
Macedonia,Central and Eastern Europe,95.0,5.121,5.017,5.225,1.0193,0.78236,0.64738,0.27668,0.07047,0.23507,2.08947,,,,,,,,,,,,,,,,,,,,,
Madagascar,Sub-Saharan Africa,148.0,3.695,3.621,3.769,0.27954,0.46115,0.37109,0.13684,0.07506,0.2204,2.15075,MDG,Africa,22.29,0.51,$456.33 ,0.27,0.34,0.24,0.07,0.02,0.99,0.26,1.3,0.8,0.21,0.06,2.63,1.64,0.57,0.38,6
Malawi,Sub-Saharan Africa,132.0,4.156,4.041,4.271,0.08709,0.147,0.29364,0.4143,0.07564,0.30968,2.82859,MWI,Africa,15.91,0.43,$493.84 ,0.43,0.05,0.2,0.07,0.01,0.81,0.45,0.07,0.02,0.06,0.05,0.66,-0.15,0.47,1.22,5
Malaysia,Southeastern Asia,47.0,6.005,5.921,6.089,1.25142,0.88025,0.62366,0.39031,0.09081,0.41474,2.35384,MYS,Asia-Pacific,29.24,0.77,"$10,252.60 ",0.67,0.12,0.38,2.1,0.36,3.71,0.75,0.01,0.73,0.84,0.07,2.41,-1.3,2.14,1.54,3B
Mali,Sub-Saharan Africa,135.0,4.073,3.988,4.158,0.31292,0.86333,0.16347,0.27544,0.13647,0.21064,2.11087,MLI,Africa,14.85,0.41,$741.22 ,0.52,0.66,0.17,0.1,0.03,1.53,0.51,0.71,0.25,0.05,0.06,1.58,0.05,0.88,0.97,6
Malta,Western Europe,30.0,6.488,6.409,6.567,1.30782,1.09879,0.80315,0.54994,0.17554,0.56237,1.99032,,,,,,,,,,,,,,,,,,,,,
Mauritania,Sub-Saharan Africa,130.0,4.201,4.127,4.275,0.61391,0.84142,0.28639,0.1268,0.17955,0.22686,1.9263,MRT,Africa,3.8,0.5,"$1,524.39 ",0.39,1.2,0.21,0.55,0.15,2.54,0.1,2.91,0.05,1.38,0.04,4.48,1.93,1.47,0.57,3B
Mauritius,Sub-Saharan Africa,66.0,5.648,5.507,5.789,1.14372,0.75695,0.66189,0.46145,0.05203,0.36951,2.20223,MUS,Africa,1.24,0.77,"$8,811.15 ",0.52,0.22,0.18,1.99,0.55,3.46,0.14,0.0,0.01,0.56,0.0,0.71,-2.75,2.0,4.89,5
Mexico,Latin America and Caribbean,21.0,6.778,6.68,6.876,1.11508,0.7146,0.71143,0.37709,0.18355,0.11735,3.55906,MEX,Latin America,120.85,0.75,"$10,123.90 ",0.55,0.24,0.25,1.74,0.06,2.89,0.37,0.24,0.47,0.14,0.05,1.27,-1.62,1.67,2.27,5
Moldova,Central and Eastern Europe,55.0,5.897,5.823,5.971,0.69177,0.83132,0.52309,0.25202,0.01903,0.19997,3.38007,MDA,Northern/Eastern Europe,3.51,0.68,"$1,971.03 ",0.43,0.08,0.15,1.03,0.06,1.78,0.59,0.07,0.1,0.01,0.03,0.8,-0.98,1.03,2.23,5
Mongolia,Eastern Asia,101.0,4.907,4.838,4.976,0.98853,1.08983,0.55469,0.35972,0.03285,0.34539,1.53586,MNG,Asia-Pacific,2.8,0.71,"$3,736.07 ",0.29,3.47,0.17,2.09,0.0,6.08,0.21,8.23,7.03,0.14,0.05,15.66,9.58,3.51,0.39,3B
Montenegro,Central and Eastern Europe,88.0,5.161,5.055,5.267,1.07838,0.74173,0.63533,0.15111,0.12721,0.17191,2.25531,MNE,Northern/Eastern Europe,0.62,0.8,"$7,251.60 ",0.64,0.33,0.62,2.13,0.05,3.78,0.14,0.22,2.63,0.24,0.01,3.24,-0.54,2.19,1.17,5
Morocco,Middle East and Northern Africa,90.0,5.151,5.058,5.244,0.84058,0.38595,0.59471,0.25646,0.08404,0.04053,2.94891,MAR,Africa,32.52,0.62,"$3,149.43 ",0.6,0.17,0.14,0.67,0.06,1.68,0.34,0.17,0.1,0.07,0.03,0.71,-0.96,0.97,2.35,5
Myanmar,Southeastern Asia,119.0,4.395,4.327,4.463,0.34112,0.69981,0.3988,0.42692,0.20243,0.81971,1.50655,MMR,Asia-Pacific,52.8,0.53,"$1,117.58 ",0.8,0.01,0.32,0.09,0.1,1.43,0.88,0.0,0.56,0.28,0.11,1.84,0.41,0.83,0.78,6
Namibia,Sub-Saharan Africa,113.0,4.574,4.374,4.774,0.93287,0.70362,0.34745,0.48614,0.10398,0.07795,1.92198,NAM,Africa,2.26,0.62,"$5,880.80 ",0.33,0.23,0.17,1.02,0.72,2.48,0.14,1.6,0.36,4.76,0.02,6.88,4.4,1.43,0.36,3L
Nepal,Southern Asia,107.0,4.793,4.698,4.888,0.44626,0.69699,0.50073,0.37012,0.07008,0.3816,2.32694,NPL,Asia-Pacific,27.47,0.54,$700.07 ,0.43,0.07,0.21,0.16,0.0,0.98,0.37,0.05,0.06,0.01,0.11,0.59,-0.38,0.56,1.65,6
Netherlands,Western Europe,7.0,7.339,7.284,7.394,1.46468,1.02912,0.81231,0.55211,0.29927,0.47416,2.70749,NLD,European Union,16.71,0.92,"$53,589.90 ",0.76,0.58,0.38,3.23,0.16,5.28,0.45,0.04,0.08,0.43,0.17,1.17,-4.11,3.05,4.53,6
New Zealand,Australia and New Zealand,8.0,7.334,7.264,7.404,1.36066,1.17278,0.83096,0.58147,0.41904,0.49401,2.47553,NZL,Asia-Pacific,4.46,0.91,"$37,488.30 ",0.63,0.23,1.08,2.84,0.7,5.6,0.51,2.7,5.95,0.86,0.13,10.14,4.54,3.23,0.55,3B
Nicaragua,Latin America and Caribbean,48.0,5.992,5.877,6.107,0.69384,0.89521,0.65213,0.46582,0.16292,0.29773,2.82428,NIC,Latin America,5.99,0.63,"$1,626.85 ",0.34,0.12,0.42,0.45,0.03,1.39,0.4,0.58,0.74,0.49,0.05,2.25,0.87,0.8,0.62,5
Niger,Sub-Saharan Africa,142.0,3.856,3.781,3.931,0.1327,0.6053,0.26162,0.38041,0.17176,0.2097,2.09469,NER,Africa,17.16,0.34,$410.91 ,0.67,0.48,0.26,0.1,0.02,1.56,0.65,0.51,0.05,0.0,0.03,1.24,-0.32,0.9,1.26,5
Nigeria,Sub-Saharan Africa,103.0,4.875,4.75,5.0,0.75216,0.64498,0.05108,0.27854,0.0305,0.23219,2.88586,NGA,Africa,168.83,0.5,"$2,612.12 ",0.53,0.1,0.19,0.21,0.08,1.16,0.5,0.12,0.02,0.02,0.05,0.7,-0.47,0.67,1.67,5
North Cyprus,Western Europe,62.0,5.771,5.67,5.872,1.31141,0.81826,0.84142,0.43596,0.16578,0.26322,1.93447,,,,,,,,,,,,,,,,,,,,,
Norway,Western Europe,4.0,7.498,7.421,7.575,1.57744,1.1269,0.79579,0.59609,0.35776,0.37895,2.66465,NOR,Northern/Eastern Europe,4.99,0.94,"$100,172.00 ",,,,,,4.98,,,,,,8.18,3.19,2.88,0.61,4
Pakistan,Southern Asia,92.0,5.132,5.038,5.226,0.68816,0.26135,0.40306,0.14622,0.1388,0.31185,3.18286,PAK,Asia-Pacific,179.16,0.53,"$1,218.60 ",0.27,0.01,0.08,0.38,0.02,0.79,0.26,0.0,0.01,0.04,0.03,0.35,-0.44,0.46,2.28,6
Palestinian Territories,Middle East and Northern Africa,108.0,4.754,4.649,4.859,0.67024,0.71629,0.56844,0.17744,0.10613,0.11154,2.40364,,,,,,,,,,,,,,,,,,,,,
Panama,Latin America and Caribbean,25.0,6.701,6.601,6.801,1.18306,0.98912,0.70835,0.48927,0.08423,0.2418,3.00559,PAN,Latin America,3.8,0.77,"$8,410.77 ",0.36,0.4,0.19,1.44,0.37,2.79,0.14,0.43,1.74,0.6,0.02,2.94,0.15,1.61,0.95,3B
Paraguay,Latin America and Caribbean,70.0,5.538,5.453,5.623,0.89373,1.11111,0.58295,0.46235,0.07396,0.25296,2.16091,PRY,Latin America,6.69,0.67,"$3,557.31 ",1.11,1.1,0.83,0.97,0.01,4.16,2.51,2.28,5.54,0.05,0.14,10.52,6.36,2.4,0.4,3B
Peru,Latin America and Caribbean,64.0,5.743,5.647,5.839,0.99602,0.81255,0.62994,0.37502,0.05292,0.14527,2.73117,PER,Latin America,29.99,0.73,"$5,684.73 ",0.5,0.51,0.19,0.67,0.33,2.28,0.36,0.51,2.82,0.2,0.07,3.97,1.69,1.32,0.57,6
Philippines,Southeastern Asia,82.0,5.279,5.16,5.398,0.81217,0.87877,0.47036,0.54854,0.11757,0.21674,2.23484,PHL,Asia-Pacific,96.71,0.66,"$2,379.44 ",0.36,0.03,0.09,0.34,0.23,1.1,0.32,0.02,0.09,0.07,0.05,0.54,-0.56,0.64,2.03,5
Poland,Central and Eastern Europe,57.0,5.835,5.749,5.921,1.24585,1.04685,0.69058,0.4519,0.055,0.14443,2.20035,POL,European Union,38.21,0.84,"$13,769.50 ",0.84,0.04,0.78,2.64,0.05,4.44,1.05,0.07,0.77,0.11,0.09,2.08,-2.36,2.57,2.14,6
Portugal,Western Europe,94.0,5.123,5.03,5.216,1.27607,0.94367,0.79363,0.44727,0.01521,0.11691,1.53015,PRT,European Union,10.6,0.83,"$23,217.30 ",1.03,0.25,0.09,2.15,0.31,3.88,0.47,0.06,0.85,0.07,0.05,1.51,-2.37,2.24,2.57,5
Puerto Rico,Latin America and Caribbean,15.0,7.039,6.794,7.284,1.35943,1.08113,0.77758,0.46823,0.12275,0.22202,3.0076,,,,,,,,,,,,,,,,,,,,,
Qatar,Middle East and Northern Africa,36.0,6.375,6.178,6.572,1.82427,0.87964,0.71723,0.56679,0.48049,0.32388,1.58224,QAT,Middle East/Central Asia,2.05,0.85,"$99,431.50 ",0.57,0.27,0.15,9.57,0.19,10.8,0.01,0.0,0.0,1.17,0.06,1.24,-9.56,6.24,8.72,3L
Romania,Central and Eastern Europe,71.0,5.528,5.427,5.629,1.1697,0.72803,0.67602,0.36712,0.00679,0.12889,2.45184,ROU,European Union,21.76,0.79,"$9,213.94 ",0.72,0.05,0.33,1.46,0.03,2.71,0.87,0.11,1.14,0.08,0.12,2.32,-0.39,1.56,1.17,5
Russia,Central and Eastern Europe,56.0,5.856,5.789,5.923,1.23228,1.05261,0.58991,0.32682,0.03586,0.02736,2.59115,,,,,,,,,,,,,,,,,,,,,
Rwanda,Sub-Saharan Africa,152.0,3.515,3.444,3.586,0.32846,0.61586,0.31865,0.5432,0.50521,0.23552,0.96819,RWA,Africa,11.46,0.48,$628.08 ,0.43,0.05,0.25,0.07,0.01,0.87,0.42,0.05,0.01,0.01,0.05,0.54,-0.32,0.5,1.6,5
Saudi Arabia,Middle East and Northern Africa,34.0,6.379,6.287,6.471,1.48953,0.84829,0.59267,0.37904,0.30008,0.15457,2.61482,SAU,Middle East/Central Asia,28.29,0.83,"$23,593.80 ",0.74,0.27,0.27,4.21,0.08,5.61,0.09,0.12,0.07,0.18,0.04,0.5,-5.12,3.24,11.28,3L
Senegal,Sub-Saharan Africa,128.0,4.219,4.151,4.287,0.44314,0.77416,0.40457,0.31056,0.11681,0.19103,1.97861,SEN,Africa,13.73,0.46,"$1,079.27 ",0.34,0.21,0.21,0.3,0.12,1.21,0.21,0.17,0.46,0.17,0.02,1.05,-0.16,0.7,1.16,5
Serbia,Central and Eastern Europe,86.0,5.177,5.083,5.271,1.03437,0.81329,0.6458,0.15718,0.04339,0.20737,2.27539,SRB,Northern/Eastern Europe,9.55,0.76,"$6,426.18 ",0.49,0.02,0.46,1.66,0.02,2.7,0.73,0.02,0.46,0.0,0.04,1.25,-1.44,1.56,2.15,5
Sierra Leone,Sub-Saharan Africa,111.0,4.635,4.505,4.765,0.36485,0.628,0.0,0.30685,0.08196,0.23897,3.01402,SLE,Africa,5.98,0.4,$499.89 ,0.47,0.11,0.38,0.07,0.15,1.24,0.42,0.35,0.19,0.22,0.05,1.24,0.0,0.71,1.0,6
Singapore,Southeastern Asia,22.0,6.739,6.674,6.804,1.64555,0.86758,0.94719,0.4877,0.46987,0.32706,1.99375,SGP,Asia-Pacific,5.3,0.91,"$53,122.40 ",0.67,0.24,0.91,5.91,0.22,7.97,0.0,0.0,0.0,0.01,0.03,0.05,-7.92,4.61,159.47,5
Slovakia,Central and Eastern Europe,45.0,6.078,5.996,6.16,1.27973,1.08268,0.70367,0.23391,0.02947,0.13837,2.61065,SVK,European Union,5.45,0.84,"$18,103.10 ",0.31,0.08,0.72,2.82,0.03,4.06,0.71,0.06,1.85,0.0,0.09,2.71,-1.35,2.35,1.5,5
Slovenia,Central and Eastern Europe,63.0,5.768,5.683,5.853,1.29947,1.05613,0.79151,0.53164,0.03635,0.25738,1.79522,SVN,European Union,2.07,0.88,"$25,040.50 ",0.64,0.17,0.65,4.27,0.05,5.81,0.37,0.07,1.87,0.0,0.04,2.35,-3.47,3.36,2.48,6
Somalia,Sub-Saharan Africa,76.0,5.44,5.321,5.559,0.0,0.33613,0.11466,0.56778,0.3118,0.27225,3.83772,SOM,Africa,10.2,,,0.16,0.43,0.52,0.07,0.01,1.24,0.09,0.56,0.22,0.33,0.06,1.27,0.03,0.71,0.98,5
Somaliland Region,Sub-Saharan Africa,97.0,5.057,4.934,5.18,0.25558,0.75862,0.33108,0.3913,0.36794,0.51479,2.43801,,,,,,,,,,,,,,,,,,,,,
South Africa,Sub-Saharan Africa,116.0,4.459,4.371,4.547,1.02416,0.96053,0.18611,0.42483,0.08415,0.13656,1.64227,ZAF,Africa,52.39,0.66,"$8,089.87 ",0.44,0.11,0.29,2.34,0.08,3.31,0.35,0.58,0.02,0.17,0.04,1.15,-2.16,1.91,2.87,5
South Korea,Eastern Asia,57.0,5.835,5.747,5.923,1.35948,0.72194,0.88645,0.25168,0.07716,0.18824,2.35015,,,,,,,,,,,,,,,,,,,,,
South Sudan,Sub-Saharan Africa,143.0,3.832,3.596,4.068,0.39394,0.18519,0.15781,0.19662,0.13015,0.25899,2.50929,,,,,,,,,,,,,,,,,,,,,
Spain,Western Europe,37.0,6.361,6.288,6.434,1.34253,1.12945,0.87896,0.37545,0.06137,0.17665,2.39663,ESP,European Union,46.76,0.87,"$32,008.70 ",0.78,0.15,0.17,2.22,0.32,3.67,0.72,0.1,0.34,0.06,0.04,1.25,-2.42,2.12,2.94,6
Sri Lanka,Southern Asia,117.0,4.415,4.322,4.508,0.97318,0.84783,0.62007,0.50817,0.07964,0.46978,0.91681,LKA,Asia-Pacific,21.1,0.75,"$2,880.03 ",0.31,0.01,0.16,0.52,0.27,1.32,0.26,0.02,0.04,0.07,0.05,0.44,-0.88,0.77,3.01,6
Sudan,Sub-Saharan Africa,133.0,4.139,3.928,4.35,0.63069,0.81928,0.29759,0.0,0.10039,0.18077,2.10995,,,,,,,,,,,,,,,,,,,,,
Suriname,Latin America and Caribbean,40.0,6.269,6.073,6.465,1.09686,0.77866,0.50933,0.52234,0.12692,0.16665,3.06852,SUR,Latin America,0.54,0.71,"$8,190.70 ",0.43,0.06,0.52,3.01,0.14,4.25,0.3,0.03,81.52,7.39,0.09,89.33,85.08,2.46,0.05,3L
Sweden,Western Europe,10.0,7.291,7.227,7.355,1.45181,1.08764,0.83121,0.58218,0.40867,0.38254,2.54734,SWE,European Union,9.51,0.9,"$59,381.90 ",1.47,0.27,1.3,3.88,0.09,7.25,1.31,0.22,6.66,2.19,0.24,10.62,3.38,4.19,0.68,5
Switzerland,Western Europe,2.0,7.509,7.428,7.59,1.52733,1.14524,0.86303,0.58557,0.41203,0.28083,2.69463,CHE,Northern/Eastern Europe,8.0,0.93,"$88,506.20 ",0.75,0.22,0.38,4.26,0.07,5.79,0.32,0.12,0.74,0.01,0.12,1.3,-4.48,3.34,4.44,6
Syria,Middle East and Northern Africa,156.0,3.069,2.936,3.202,0.74719,0.14866,0.62994,0.06912,0.17233,0.48397,0.81789,,,,,,,,,,,,,,,,,,,,,
Taiwan,Eastern Asia,34.0,6.379,6.305,6.453,1.39729,0.92624,0.79565,0.32377,0.0663,0.25495,2.61523,,,,,,,,,,,,,,,,,,,,,
Tajikistan,Central and Eastern Europe,100.0,4.996,4.923,5.069,0.48835,0.75602,0.53119,0.43408,0.13509,0.25998,2.39106,TJK,Middle East/Central Asia,8.01,0.62,$836.17 ,0.46,0.14,0.1,0.13,0.0,0.91,0.29,0.14,0.01,0.01,0.08,0.53,-0.38,0.52,1.71,5
Tanzania,Sub-Saharan Africa,149.0,3.666,3.561,3.771,0.47155,0.77623,0.357,0.3176,0.05099,0.31472,1.37769,,,,,,,,,,,,,,,,,,,,,
Thailand,Southeastern Asia,33.0,6.474,6.396,6.552,1.0893,1.04477,0.64915,0.49553,0.02833,0.58696,2.5796,THA,Asia-Pacific,66.78,0.72,"$5,479.29 ",0.67,0.02,0.24,1.54,0.13,2.66,0.77,0.01,0.2,0.19,0.07,1.24,-1.42,1.54,2.14,6
Togo,Sub-Saharan Africa,155.0,3.303,3.192,3.414,0.28123,0.0,0.24811,0.34678,0.11587,0.17517,2.1354,TGO,Africa,6.64,0.47,$580.86 ,0.34,0.1,0.27,0.31,0.08,1.13,0.34,0.12,0.03,0.02,0.02,0.53,-0.6,0.65,2.13,6
Trinidad and Tobago,Latin America and Caribbean,43.0,6.168,5.95,6.386,1.32572,0.98569,0.52608,0.48453,0.01241,0.31935,2.51394,TTO,Latin America,1.34,0.77,"$18,310.80 ",0.46,0.19,0.27,6.89,0.11,7.92,0.04,0.01,0.15,1.37,0.0,1.56,-6.36,4.57,5.07,3B
Tunisia,Middle East and Northern Africa,98.0,5.045,4.965,5.125,0.97724,0.43165,0.59577,0.23553,0.0817,0.03936,2.68413,TUN,Africa,10.88,0.72,"$4,305.07 ",0.76,0.09,0.28,1.11,0.06,2.34,0.53,0.08,0.05,0.24,0.04,0.93,-1.4,1.35,2.51,5
Turkey,Middle East and Northern Africa,78.0,5.389,5.295,5.483,1.16492,0.87717,0.64718,0.23889,0.12348,0.04707,2.29074,TUR,Middle East/Central Asia,74.0,0.76,"$10,437.70 ",0.87,0.12,0.34,1.92,0.04,3.33,0.75,0.09,0.6,0.04,0.04,1.52,-1.81,1.92,2.19,5
Turkmenistan,Central and Eastern Europe,65.0,5.658,5.58,5.736,1.08017,1.03817,0.44006,0.37408,0.28467,0.22567,2.21489,TKM,Middle East/Central Asia,5.17,0.68,"$5,290.14 ",0.73,0.44,0.08,4.13,0.01,5.47,0.6,1.96,0.02,0.13,0.09,2.79,-2.68,3.16,1.96,6
Uganda,Sub-Saharan Africa,145.0,3.739,3.629,3.849,0.34719,0.90981,0.19625,0.43653,0.06442,0.27102,1.51416,UGA,Africa,36.35,0.48,$601.35 ,0.34,0.15,0.54,0.08,0.11,1.24,0.35,0.15,0.01,0.04,0.04,0.59,-0.66,0.72,2.12,6
Ukraine,Central and Eastern Europe,123.0,4.324,4.236,4.412,0.87287,1.01413,0.58628,0.12859,0.01829,0.20363,1.50066,UKR,Northern/Eastern Europe,45.53,0.74,"$3,589.63 ",0.62,0.01,0.16,1.92,0.06,2.84,1.5,0.12,0.43,0.15,0.07,2.27,-0.58,1.64,1.25,5
United Arab Emirates,Middle East and Northern Africa,28.0,6.573,6.494,6.652,1.57352,0.87114,0.72993,0.56215,0.35561,0.26591,2.21507,ARE,Middle East/Central Asia,9.206,0.83,"$40,817.40 ",0.8,0.19,0.38,6.37,0.19,7.93,0.02,0.0,0.07,0.47,0.0,0.56,-7.37,4.58,14.16071429,6
United Kingdom,Western Europe,23.0,6.725,6.647,6.803,1.40283,1.08672,0.80991,0.50036,0.27399,0.50156,2.14999,GBR,European Union,63.03,0.9,"$40,980.50 ",0.82,0.28,0.45,3.14,0.08,4.94,0.6,0.12,0.12,0.3,0.18,1.32,-3.62,2.85,3.76,6
United States,North America,13.0,7.104,7.02,7.188,1.50796,1.04782,0.779,0.48163,0.14868,0.41077,2.72782,,,,,,,,,,,,,,,,,,,,,
Uruguay,Latin America and Caribbean,29.0,6.545,6.456,6.634,1.18157,1.03143,0.72183,0.54388,0.21394,0.18056,2.67139,URY,Latin America,3.4,0.79,"$14,238.10 ",0.19,0.98,0.55,0.98,0.05,2.91,1.89,4.86,1.22,2.18,0.17,10.32,7.41,1.68,0.28,3B
Uzbekistan,Central and Eastern Europe,49.0,5.987,5.896,6.078,0.73591,1.1681,0.50163,0.60848,0.28333,0.34326,2.34638,UZB,Middle East/Central Asia,28.54,0.67,"$1,560.85 ",0.62,0.13,0.08,1.41,0.0,2.32,0.56,0.2,0.06,0.03,0.08,0.92,-1.4,1.34,2.52,6
Venezuela,Latin America and Caribbean,44.0,6.084,5.973,6.195,1.13367,1.03302,0.61904,0.19847,0.08304,0.0425,2.97468,,,,,,,,,,,,,,,,,,,,,
Vietnam,Southeastern Asia,96.0,5.061,4.991,5.131,0.74037,0.79117,0.66157,0.55954,0.11556,0.25075,1.9418,,,,,,,,,,,,,,,,,,,,,
Yemen,Middle East and Northern Africa,147.0,3.724,3.621,3.827,0.57939,0.47493,0.31048,0.2287,0.05892,0.09821,1.97295,YEM,Middle East/Central Asia,23.85,0.5,"$1,302.30 ",0.34,0.14,0.04,0.42,0.04,1.03,0.09,0.12,0.04,0.2,0.04,0.5,-0.53,0.59,2.06,5
Zambia,Sub-Saharan Africa,106.0,4.795,4.645,4.945,0.61202,0.6376,0.23573,0.42662,0.11479,0.17866,2.58991,ZMB,Africa,14.08,0.58,"$1,740.64 ",0.19,0.18,0.33,0.24,0.01,0.99,0.24,0.94,0.99,0.02,0.04,2.23,1.24,0.57,0.44,6
Zimbabwe,Sub-Saharan Africa,131.0,4.193,4.101,4.285,0.35041,0.71478,0.1595,0.25429,0.08582,0.18503,2.4427,ZWE,Africa,13.72,0.49,$865.91 ,0.2,0.32,0.29,0.53,0.01,1.37,0.15,0.32,0.12,0.01,0.02,0.62,-0.75,0.79,2.2,6
Antigua and Barbuda,,,,,,,,,,,,,ATG,Latin America,0.09,0.78,"$13,205.10 ",,,,,,5.38,,,,,,0.94,-4.44,3.11,5.7,2
Aruba,,,,,,,,,,,,,ABW,Latin America,0.1,,,,,,,,11.88,,,,,,0.57,-11.31,6.86,20.69,2
Bahamas,,,,,,,,,,,,,BHM,Latin America,0.37,0.78,"$22,647.30 ",0.97,1.05,0.19,4.46,0.14,6.84,0.05,0.0,1.18,8.27,0.04,9.55,2.71,3.95,0.72,3L
Barbados,,,,,,,,,,,,,BRB,Latin America,0.28,0.79,"$15,722.80 ",0.56,0.24,0.14,3.28,0.22,4.48,0.08,0.0,0.02,0.04,0.04,0.19,-4.29,2.58,23.79,5
Bermuda,,,,,,,,,,,,,BMU,North America,0.06,,"$70,626.30 ",,,,,,5.77,,,,,,0.13,-5.64,3.33,44.05,3T
British Virgin Islands,,,,,,,,,,,,,VGB,Latin America,0.03,,,,,,,,2.86,,,,,,2.05,-0.81,1.65,1.4,3T
Brunei Darussalam,,,,,,,,,,,,,BRN,Asia-Pacific,0.41,0.85,"$47,097.40 ",0.31,0.13,0.26,3.24,0.09,4.06,0.02,0.01,1.57,1.24,0.03,2.87,-1.19,2.34,1.41,3L
Cabo Verde,,,,,,,,,,,,,CPV,Africa,0.49,0.64,"$3,801.45 ",,,,,,2.52,,,,,,0.62,-1.9,1.46,4.06,3T
Cayman Islands,,,,,,,,,,,,,CYM,Latin America,0.06,,,0.36,0.45,1.23,3.56,0.05,5.65,0.0,0.02,0.19,0.11,0.0,0.32,-5.33,3.26,17.91,3L
Central African Republic,,,,,,,,,,,,,CAF,Africa,4.53,0.37,$495.04 ,0.3,0.55,0.26,0.08,0.02,1.24,0.29,0.57,6.98,0.0,0.04,7.87,6.62,0.72,0.16,6
Congo,,,,,,,,,,,,,COG,Africa,4.34,0.57,"$1,943.69 ",0.22,0.09,0.38,0.47,0.1,1.29,0.13,3.06,7.33,0.35,0.03,10.91,9.63,0.74,0.12,5
"Congo, Democratic Republic of",,,,,,,,,,,,,COD,Africa,65.7,0.42,$338.63 ,0.15,0.01,0.51,0.07,0.01,0.82,0.13,0.32,2.52,0.05,0.05,3.07,2.25,0.47,0.27,6
Côte d'Ivoire,,,,,,,,,,,,,CIV,Africa,19.84,,"$1,016.83 ",0.51,0.06,0.22,0.26,0.14,1.27,0.88,0.3,0.48,0.04,0.08,1.78,0.51,0.74,0.72,6
Cuba,,,,,,,,,,,,,CUB,Latin America,11.27,0.77,"$5,175.94 ",0.48,0.11,0.09,1.23,0.02,1.95,0.26,0.09,0.23,0.16,0.03,0.76,-1.19,1.13,2.56,6
Djibouti,,,,,,,,,,,,,DJI,Africa,0.86,0.46,"$1,433.17 ",,,,,,2.19,,,,,,0.77,-1.42,1.27,2.84,2
Dominica,,,,,,,,,,,,,DMA,Latin America,0.07,0.72,"$7,088.01 ",0.64,0.15,0.14,1.47,0.17,2.57,0.4,0.01,0.52,0.1,0.0,1.03,-1.54,1.49,2.49,5
Equatorial Guinea,,,,,,,,,,,,,GNQ,Africa,0.74,0.58,"$24,064.00 ",0.27,0.02,0.26,3.17,0.22,3.97,0.13,0.15,3.1,1.01,0.02,4.4,0.44,2.29,0.9,3L
Eritrea,,,,,,,,,,,,,ERI,Africa,6.13,0.39,$439.73 ,0.1,0.18,0.06,0.03,0.01,0.42,0.07,0.18,0.09,0.93,0.02,1.3,0.88,0.24,0.32,5
Fiji,,,,,,,,,,,,,FJI,Asia-Pacific,0.88,0.72,"$4,201.37 ",0.55,0.2,0.42,1.06,0.62,2.9,0.28,0.09,1.3,0.65,0.04,2.37,-0.52,1.67,1.22,5
French Guiana,,,,,,,,,,,,,GUF,Latin America,0.24,,,0.07,0.06,0.46,1.58,0.17,2.34,0.07,0.06,95.16,16.07,0.0,111.35,109.01,1.35,0.02,3L
French Polynesia,,,,,,,,,,,,,PYF,Asia-Pacific,0.27,,,0.75,0.65,0.12,2.39,0.82,4.73,0.19,0.03,0.73,0.42,0.0,1.37,-3.36,2.73,3.45,5
Gambia,,,,,,,,,,,,,GMB,Africa,1.79,0.44,$505.76 ,0.46,0.05,0.2,0.21,0.08,1.03,0.23,0.04,0.2,0.32,0.03,0.82,-0.21,0.6,1.25,5
Grenada,,,,,,,,,,,,,GRD,Latin America,0.1,0.74,"$7,410.48 ",,,,,,2.98,,,,,,1.96,-1.01,1.72,1.52,3L
Guadeloupe,,,,,,,,,,,,,,Latin America,0.46,,,0.11,0.03,0.16,2.61,0.31,3.23,0.11,0.03,0.13,0.18,0.0,0.45,-2.77,1.86,7.14,5
Guinea-Bissau,,,,,,,,,,,,,GNB,Africa,1.66,0.42,$681.25 ,0.35,0.36,0.67,0.09,0.01,1.53,0.48,0.36,0.34,1.79,0.06,3.03,1.49,0.89,0.51,6
Guyana,,,,,,,,,,,,,GUY,Latin America,0.8,0.63,"$3,269.46 ",0.7,0.22,0.77,1.25,0.06,3.07,0.69,1.51,59.19,5.12,0.06,66.58,63.51,1.77,0.05,5
"Iran, Islamic Republic of",,,,,,,,,,,,,IRN,Middle East/Central Asia,76.42,0.76,"$7,511.10 ",0.69,0.09,0.07,1.72,0.12,2.79,0.48,0.07,0.06,0.19,0.09,0.9,-1.89,1.61,3.1,3B
"Korea, Democratic People's Republic of",,,,,,,,,,,,,PRK,Asia-Pacific,24.76,,,0.28,0.0,0.14,0.68,0.02,1.17,0.24,0.0,0.21,0.09,0.06,0.6,-0.57,0.67,1.94,6
"Korea, Republic of",,,,,,,,,,,,,KOR,Asia-Pacific,49.0,0.89,"$24,155.80 ",0.71,0.12,0.21,4.17,0.41,5.69,0.13,0.0,0.09,0.4,0.06,0.68,-5.01,3.29,8.36,5
Lao People's Democratic Republic,,,,,,,,,,,,,LAO,Asia-Pacific,6.65,0.56,"$1,236.24 ",0.57,0.08,0.36,0.09,0.01,1.22,0.57,0.13,0.78,0.03,0.11,1.62,0.4,0.7,0.75,6
Lesotho,,,,,,,,,,,,,LSO,Africa,2.05,0.48,"$1,338.42 ",0.22,0.49,0.42,0.51,0.0,1.66,0.04,0.74,0.0,0.0,0.01,0.78,-0.87,0.96,2.11,3B
Libyan Arab Jamahiriya,,,,,,,,,,,,,LBY,Africa,6.16,0.74,"$5,859.43 ",0.79,0.32,0.14,2.33,0.1,3.69,0.17,0.23,0.02,0.25,0.02,0.7,-3.0,2.13,5.3,3B
Macedonia TFYR,,,,,,,,,,,,,MKD,Northern/Eastern Europe,2.11,0.74,"$5,174.89 ",0.62,0.21,0.31,2.06,0.03,3.26,0.38,0.17,0.92,0.02,0.02,1.51,-1.75,1.88,2.16,6
Martinique,,,,,,,,,,,,,,Latin America,0.4,,,0.13,0.02,0.12,1.73,0.04,2.08,0.13,0.02,0.1,0.09,0.04,0.39,-1.7,1.2,5.41,3B
Montserrat,,,,,,,,,,,,,,Latin America,0.0,,,,,,,,7.78,,,,,,1.36,-6.42,4.49,5.71,2
Mozambique,,,,,,,,,,,,,MOZ,Africa,25.2,0.41,$538.82 ,0.31,0.03,0.29,0.17,0.03,0.87,0.28,0.96,0.61,0.17,0.05,2.06,1.19,0.5,0.42,5
Nauru,,,,,,,,,,,,,,Asia-Pacific,0.01,,,,,,,,2.94,,,,,,0.19,-2.76,1.7,15.83,2
New Caledonia,,,,,,,,,,,,,NCL,Asia-Pacific,0.25,,,0.68,0.62,0.18,1.78,0.32,3.58,0.07,0.31,1.94,5.35,0.0,7.67,4.09,2.07,0.47,3L
Oman,,,,,,,,,,,,,OMN,Middle East/Central Asia,3.31,0.79,"$22,622.80 ",0.57,0.4,0.15,5.8,0.4,7.52,0.07,0.04,0.0,1.61,0.19,1.92,-5.6,4.34,3.93,3B
Papua New Guinea,,,,,,,,,,,,,PNG,Asia-Pacific,7.17,0.5,"$1,871.21 ",0.3,0.05,0.36,0.35,0.73,1.91,0.36,0.04,2.66,0.73,0.13,3.92,2.01,1.1,0.49,3B
Réunion,,,,,,,,,,,,,,Africa,0.86,,,0.14,0.01,0.15,3.27,0.09,3.65,0.14,0.01,0.04,0.0,0.0,0.18,-3.47,2.11,20.18,5
Russian Federation,,,,,,,,,,,,,RUS,Northern/Eastern Europe,143.17,0.79,"$13,320.20 ",0.77,0.15,0.67,3.87,0.19,5.69,0.85,0.34,4.38,1.19,0.03,6.79,1.1,3.29,0.84,6
Saint Kitts and Nevis,,,,,,,,,,,,,KNA,Latin America,0.05,0.74,"$12,952.50 ",0.51,0.18,0.09,3.34,0.81,4.94,0.06,0.01,0.17,0.38,0.0,0.62,-4.31,2.85,7.92,3L
Saint Lucia,,,,,,,,,,,,,LCA,Latin America,0.18,0.73,"$7,737.20 ",0.38,0.1,0.17,1.56,0.23,2.45,0.1,0.0,0.1,0.14,0.0,0.34,-2.1,1.41,7.12,3B
Saint Vincent and Grenadines,,,,,,,,,,,,,VCT,Latin America,0.11,0.72,"$6,171.48 ",,,,,,3.11,,,,,,1.26,-1.85,1.79,2.47,2
Samoa,,,,,,,,,,,,,WSM,Asia-Pacific,0.19,0.7,"$4,067.15 ",0.97,0.16,0.27,0.96,0.42,2.77,0.69,0.01,1.17,0.06,0.0,1.93,-0.85,1.6,1.44,3B
Sao Tome and Principe,,,,,,,,,,,,,STP,Africa,0.19,0.55,"$1,384.53 ",0.36,0.02,0.27,0.37,0.47,1.49,0.25,0.0,0.22,0.4,0.0,0.87,-0.61,0.86,1.7,3B
Solomon Islands,,,,,,,,,,,,,SLB,Asia-Pacific,0.55,0.5,"$1,647.86 ",0.47,0.03,0.09,0.0,0.46,1.29,0.66,0.01,2.28,1.19,0.23,4.36,3.08,0.74,0.29,3L
Swaziland,,,,,,,,,,,,,SWZ,Africa,1.23,0.53,"$4,657.48 ",0.35,0.41,0.52,0.67,0.01,2.01,0.25,0.51,0.05,0.0,0.06,0.88,-1.14,1.16,2.3,3L
Syrian Arab Republic,,,,,,,,,,,,,SYR,Middle East/Central Asia,21.89,0.62,,0.52,0.09,0.04,0.81,0.01,1.51,0.41,0.1,0.04,0.0,0.05,0.6,-0.91,0.87,2.5,5
"Tanzania, United Republic of",,,,,,,,,,,,,TZA,Africa,47.78,0.51,$765.33 ,0.44,0.34,0.23,0.17,0.09,1.32,0.46,0.34,0.17,0.06,0.06,1.08,-0.24,0.76,1.23,6
Timor-Leste,,,,,,,,,,,,,TLS,Asia-Pacific,1.11,0.6,"$5,167.86 ",0.25,0.07,0.04,0.06,0.02,0.48,0.21,0.06,0.52,0.94,0.04,1.78,1.3,0.28,0.27,3B
Tonga,,,,,,,,,,,,,TON,Asia-Pacific,0.1,0.72,"$4,330.90 ",1.19,0.32,0.14,0.88,0.18,2.7,0.83,0.02,0.11,0.52,0.0,1.48,-1.22,1.56,1.82,3B
United States of America,,,,,,,,,,,,,USA,North America,317.5,0.91,"$49,725.00 ",1.13,0.3,0.67,5.9,0.12,8.22,1.49,0.28,1.57,0.33,0.09,3.76,-4.46,4.75,2.19,6
"Venezuela, Bolivarian Republic of",,,,,,,,,,,,,VEN,Latin America,29.96,0.763846,"$10,237.80 ",0.45,0.74,0.12,2.13,0.09,3.57,0.14,0.57,1.79,0.24,0.04,2.78,-0.79,2.06,1.28,5
Viet Nam,,,,,,,,,,,,,VNM,Asia-Pacific,90.8,0.66,"$1,532.31 ",0.5,0.01,0.19,0.79,0.05,1.65,0.55,0.01,0.17,0.16,0.1,1.0,-0.65,0.95,1.66,6
Wallis and Futuna Islands,,,,,,,,,,,,,,Asia-Pacific,0.01,,,,,,,,2.07,,,,,,1.51,-0.56,1.19,1.37,3T
